Id,Values_Code,Values_Name,Values_Type,Values_Disp,Values_RecType,Values_CompanyCode,Values_EnerSource,Values_OperStartdate,Values_State,Date
Sistema,2QBW,EL POPAL,HIDRAULICA,NO DESPACHADO CENTRALMENTE,FILO DE AGUA,ISGG,AGUA,2014-03-31,OPERACION,2022-07-30
Sistema,2QEK,SALTO II,HIDRAULICA,DESPACHADO CENTRALMENTE,FILO DE AGUA,ENDG,AGUA,2014-06-25,OPERACION,2022-07-30
Sistema,2QRL,LA REBUSCA,HIDRAULICA,NO DESPACHADO CENTRALMENTE,GEN. DISTRIBUIDA,HZEG,AGUA,2014-07-24,OPERACION,2022-07-30
Sistema,2QV2,BAJO TULUA,HIDRAULICA,NO DESPACHADO CENTRALMENTE,NORMAL,EPSG,AGUA,2015-01-30,OPERACION,2022-07-30
Sistema,2R22,LAGUNETA,HIDRAULICA,DESPACHADO CENTRALMENTE,NORMAL,ENDG,AGUA,2014-12-17,OPERACION,2022-07-30
Sistema,2S6Q,AUTOG YAGUARITO,TERMICA,NO DESPACHADO CENTRALMENTE,AUTOGENERADOR,EMSG,BIOGAS,2016-03-22,OPERACION,2022-07-30
Sistema,2S6S,AUTOG ARGOS YUMBO,TERMICA,NO DESPACHADO CENTRALMENTE,AUTOGENERADOR,EPSG,CARBON,2016-03-20,OPERACION,2022-07-30
Sistema,2S6U,AUTOG ARGOS EL CAIRO,HIDRAULICA,NO DESPACHADO CENTRALMENTE,AUTOGENERADOR,EPMG,AGUA,2017-09-29,OPERACION,2022-07-30
Sistema,2S78,LA FRISOLERA,HIDRAULICA,NO DESPACHADO CENTRALMENTE,GEN. DISTRIBUIDA,GPYG,AGUA,2016-04-29,OPERACION,2022-07-30
Sistema,2S8G,AUTOG ARGOS TOLUVIEJO,TERMICA,NO DESPACHADO CENTRALMENTE,AUTOGENERADOR,EPSG,CARBON,2016-03-03,PRUEBAS,2022-07-30
Sistema,2S8I,AUTOG REFICAR,TERMICA,NO DESPACHADO CENTRALMENTE,AUTOGENERADOR,PRIG,GAS,2016-04-26,OPERACION,2022-07-30
Sistema,2S8N,GUAVIO MENOR,HIDRAULICA,NO DESPACHADO CENTRALMENTE,NORMAL,ENDG,AGUA,2016-04-27,OPERACION,2022-07-30
Sistema,2S8S,DOÑA JUANA,TERMICA,NO DESPACHADO CENTRALMENTE,NORMAL,BDJG,BIOGAS,2016-04-29,OPERACION,2022-07-30
Sistema,2S8U,PORCE III MENOR,HIDRAULICA,NO DESPACHADO CENTRALMENTE,NORMAL,EPMG,AGUA,2016-04-25,OPERACION,2022-07-30
Sistema,2S9L,EL COCUYO,HIDRAULICA,NO DESPACHADO CENTRALMENTE,GEN. DISTRIBUIDA,PCYG,AGUA,2016-05-20,OPERACION,2022-07-30
Sistema,2S9Q,TEQUENDAMA BIOGAS,TERMICA,NO DESPACHADO CENTRALMENTE,NORMAL,VESG,BIOGAS,2016-06-25,OPERACION,2022-07-30
Sistema,2SDR,ALEJANDRIA,HIDRAULICA,NO DESPACHADO CENTRALMENTE,NORMAL,GALG,AGUA,2017-03-02,OPERACION,2022-07-30
Sistema,2SI1,MORRO AZUL,HIDRAULICA,NO DESPACHADO CENTRALMENTE,NORMAL,RENG,AGUA,2016-09-10,OPERACION,2022-07-30
Sistema,2SS2,MAGALLO,HIDRAULICA,NO DESPACHADO CENTRALMENTE,NORMAL,HCCG,AGUA,2016-12-22,OPERACION,2022-07-30
Sistema,2SW1,EL EDEN,HIDRAULICA,NO DESPACHADO CENTRALMENTE,NORMAL,CEEG,AGUA,2017-03-02,OPERACION,2022-07-30
Sistema,2SXQ,BIOENERGY,COGENERADOR,NO DESPACHADO CENTRALMENTE,COGENERADOR,EEPG,BAGAZO,2017-04-22,OPERACION,2022-07-30
Sistema,2T1L,EL MOLINO,HIDRAULICA,NO DESPACHADO CENTRALMENTE,NORMAL,ISGG,AGUA,2017-04-19,OPERACION,2022-07-30
Sistema,2T4P,SAN MATIAS,HIDRAULICA,NO DESPACHADO CENTRALMENTE,NORMAL,ISGG,AGUA,2017-04-25,OPERACION,2022-07-30
Sistema,2T7D,CANTAYUS,HIDRAULICA,NO DESPACHADO CENTRALMENTE,NORMAL,GCYG,AGUA,2017-05-20,OPERACION,2022-07-30
Sistema,2TUT,LUZMA I,HIDRAULICA,NO DESPACHADO CENTRALMENTE,NORMAL,ISGG,AGUA,2017-10-07,OPERACION,2022-07-30
Sistema,2TUV,LUZMA II,HIDRAULICA,NO DESPACHADO CENTRALMENTE,NORMAL,ISGG,AGUA,2017-10-07,OPERACION,2022-07-30
Sistema,2TYI,AUTOG CELSIA SOLAR YUMBO,SOLAR,NO DESPACHADO CENTRALMENTE,AUTOGENERADOR,EPSG,RAD SOLAR,2017-09-03,OPERACION,2022-07-30
Sistema,2U1G,LAS PALMAS,HIDRAULICA,NO DESPACHADO CENTRALMENTE,NORMAL,GNCG,AGUA,2017-08-30,OPERACION,2022-07-30
Sistema,2U5P,PROENCA II,TERMICA,NO DESPACHADO CENTRALMENTE,NORMAL,PECG,CARBON,2017-10-10,OPERACION,2022-07-30
Sistema,2U8Y,TERMOMECHERO 5,TERMICA,NO DESPACHADO CENTRALMENTE,NORMAL,TMMG,GAS,2017-12-16,OPERACION,2022-07-30
Sistema,2U91,TERMOMECHERO 6,TERMICA,NO DESPACHADO CENTRALMENTE,NORMAL,TMMG,GAS,2018-02-02,OPERACION,2022-07-30
Sistema,2U93,TERMOMECHERO 4,TERMICA,NO DESPACHADO CENTRALMENTE,NORMAL,TMMG,GAS,2018-02-02,OPERACION,2022-07-30
Sistema,2UP2,COGENERADOR MANUELITA 2,COGENERADOR,NO DESPACHADO CENTRALMENTE,COGENERADOR,EPSG,BAGAZO,2018-06-22,OPERACION,2022-07-30
Sistema,2UPD,TEQUENDAMA 2,HIDRAULICA,NO DESPACHADO CENTRALMENTE,NORMAL,ENDG,AGUA,2018-02-28,OPERACION,2022-07-30
Sistema,2UPF,TEQUENDAMA 3,HIDRAULICA,NO DESPACHADO CENTRALMENTE,NORMAL,ENDG,AGUA,2018-02-28,OPERACION,2022-07-30
Sistema,2UPH,TEQUENDAMA 4,HIDRAULICA,NO DESPACHADO CENTRALMENTE,NORMAL,ENDG,AGUA,2018-02-28,OPERACION,2022-07-30
Sistema,2UPJ,TEQUENDAMA 1,HIDRAULICA,NO DESPACHADO CENTRALMENTE,NORMAL,ENDG,AGUA,2018-02-28,OPERACION,2022-07-30
Sistema,2UR5,SAN JOSE DE LA MONTAÑA II,HIDRAULICA,NO DESPACHADO CENTRALMENTE,NORMAL,GPEG,AGUA,2018-10-06,OPERACION,2022-07-30
Sistema,2UX3,AURES BAJO,HIDRAULICA,NO DESPACHADO CENTRALMENTE,NORMAL,ABAG,AGUA,2018-12-12,OPERACION,2022-07-30
Sistema,2V25,AUTOG ARGOS SOGAMOSO,TERMICA,NO DESPACHADO CENTRALMENTE,AUTOGENERADOR,EPMG,CARBON,2018-10-02,OPERACION,2022-07-30
Sistema,2V27,AUTOG COCA-COLA FEMSA,TERMICA,NO DESPACHADO CENTRALMENTE,AUTOGENERADOR,DEPG,GAS,2018-07-25,OPERACION,2022-07-30
Sistema,2V5G,JUAN GARCIA,HIDRAULICA,NO DESPACHADO CENTRALMENTE,NORMAL,GPEG,AGUA,2018-09-12,OPERACION,2022-07-30
Sistema,2VJS,CELSIA SOLAR BOLIVAR,SOLAR,NO DESPACHADO CENTRALMENTE,NORMAL,EPSG,RAD SOLAR,2019-02-03,OPERACION,2022-07-30
Sistema,2WC5,MULATOS II,HIDRAULICA,NO DESPACHADO CENTRALMENTE,NORMAL,ESUG,AGUA,2019-08-26,OPERACION,2022-07-30
Sistema,2WFN,TERMOCAPACHOS,TERMICA,NO DESPACHADO CENTRALMENTE,NORMAL,GSAG,GAS,2019-08-04,OPERACION,2022-07-30
Sistema,2XXR,AGPE - ECOPETROL LA HORMIGA,TERMICA,NO DESPACHADO CENTRALMENTE,AUTOG PEQ. ESCALA,NRCG,GAS,2019-09-16,OPERACION,2022-07-30
Sistema,2YB9,AUTOG ECOPETROL ORITO,TERMICA,NO DESPACHADO CENTRALMENTE,AUTOGENERADOR,NRCG,GAS,2019-10-30,PRUEBAS,2022-07-30
Sistema,2YIR,PCH LA LIBERTAD,HIDRAULICA,NO DESPACHADO CENTRALMENTE,NORMAL,EGEG,AGUA,2020-03-14,OPERACION,2022-07-30
Sistema,2YMA,AGPE NAFERTEX,SOLAR,NO DESPACHADO CENTRALMENTE,AUTOG PEQ. ESCALA,ETTC,RAD SOLAR,2019-11-27,OPERACION,2022-07-30
Sistema,2YNA,HIDROBARRANCAS,HIDRAULICA,NO DESPACHADO CENTRALMENTE,NORMAL,HBCG,AGUA,2020-11-26,OPERACION,2022-07-30
Sistema,2YQM,AGPE TECNOEMPAQUES DE OCCIDENTE,SOLAR,NO DESPACHADO CENTRALMENTE,AUTOG PEQ. ESCALA,NRCC,RAD SOLAR,2019-12-19,OPERACION,2022-07-30
Sistema,2YQO,AUTOG FERTICOL,TERMICA,NO DESPACHADO CENTRALMENTE,AUTOGENERADOR,CMXG,GAS,2020-02-28,OPERACION,2022-07-30
Sistema,2YWY,AUTOG TURGAS,TERMICA,NO DESPACHADO CENTRALMENTE,AUTOGENERADOR,TRPG,GAS,2020-02-08,OPERACION,2022-07-30
Sistema,2Z66,AGPE SFV MCDONALDS SOLEDAD,SOLAR,NO DESPACHADO CENTRALMENTE,AUTOG PEQ. ESCALA,GNCC,RAD SOLAR,2020-02-27,OPERACION,2022-07-30
Sistema,2ZCF,SAN ANDRES DE CUERQUIA,HIDRAULICA,NO DESPACHADO CENTRALMENTE,NORMAL,EPSG,AGUA,2020-06-11,OPERACION,2022-07-30
Sistema,2ZHY,CELSIA SOLAR ESPINAL,SOLAR,NO DESPACHADO CENTRALMENTE,NORMAL,EPSG,RAD SOLAR,2020-05-31,OPERACION,2022-07-30
Sistema,2ZJT,AGPE HOTEL HACIENDA CASONA DEL SALITRE,SOLAR,NO DESPACHADO CENTRALMENTE,AUTOG PEQ. ESCALA,GNCC,RAD SOLAR,2020-05-21,OPERACION,2022-07-30
Sistema,2ZMH,AGPE DEVIMED MARINILLA,SOLAR,NO DESPACHADO CENTRALMENTE,AUTOG PEQ. ESCALA,NRCC,RAD SOLAR,2020-06-18,OPERACION,2022-07-30
Sistema,2ZP9,TRINA-VATIA BSLI,SOLAR,NO DESPACHADO CENTRALMENTE,NORMAL,GNCG,RAD SOLAR,2020-09-10,OPERACION,2022-07-30
Sistema,3A44,PLANTA SOLAR BAYUNCA I,SOLAR,NO DESPACHADO CENTRALMENTE,NORMAL,SPRG,RAD SOLAR,2020-09-30,OPERACION,2022-07-30
Sistema,3ACC,CELSIA SOLAR CARMELO,SOLAR,NO DESPACHADO CENTRALMENTE,AUTOGENERADOR,EPSG,RAD SOLAR,2020-12-27,OPERACION,2022-07-30
Sistema,3ADA,AUTOG PTAR BELLO,TERMICA,NO DESPACHADO CENTRALMENTE,AUTOGENERADOR,EPMG,BIOGAS,2020-11-30,OPERACION,2022-07-30
Sistema,3AFQ,POCUNE,HIDRAULICA,NO DESPACHADO CENTRALMENTE,NORMAL,RTAG,AGUA,2020-12-01,OPERACION,2022-07-30
Sistema,3AL6,AGPE ENTREPALMAS,TERMICA,NO DESPACHADO CENTRALMENTE,AUTOG PEQ. ESCALA,EPSG,BIOGAS,2020-12-31,OPERACION,2022-07-30
Sistema,3AQP,CAUYA,HIDRAULICA,NO DESPACHADO CENTRALMENTE,NORMAL,SFEG,AGUA,2022-04-25,OPERACION,2022-07-30
Sistema,3AXV,AGPE INGENIO DE OCCIDENTE,TERMICA,NO DESPACHADO CENTRALMENTE,AUTOG PEQ. ESCALA,EMEG,BAGAZO,2021-03-03,OPERACION,2022-07-30
Sistema,3B4L,GRANJA SOLAR BELMONTE,SOLAR,NO DESPACHADO CENTRALMENTE,NORMAL,EEPG,RAD SOLAR,2021-04-30,OPERACION,2022-07-30
Sistema,3BFL,AGPE TOSTADITOS SUSANITA,SOLAR,NO DESPACHADO CENTRALMENTE,AUTOG PEQ. ESCALA,NEUC,RAD SOLAR,2021-04-29,OPERACION,2022-07-30
Sistema,3BJR,AGPE AGRODEX,SOLAR,NO DESPACHADO CENTRALMENTE,AUTOG PEQ. ESCALA,NEUC,RAD SOLAR,2021-05-13,OPERACION,2022-07-30
Sistema,3BYG,AGPE SUPERMERCADO EL PROVEEDOR,SOLAR,NO DESPACHADO CENTRALMENTE,AUTOG PEQ. ESCALA,GNCC,RAD SOLAR,2021-07-22,OPERACION,2022-07-30
Sistema,3BZB,CELSIA SOLAR LA PAILA,SOLAR,NO DESPACHADO CENTRALMENTE,NORMAL,EPSG,RAD SOLAR,2021-08-07,OPERACION,2022-07-30
Sistema,3C37,AGPE CASA TADEO ZIRENE,SOLAR,NO DESPACHADO CENTRALMENTE,AUTOG PEQ. ESCALA,GNCC,RAD SOLAR,2021-08-12,PRUEBAS,2022-07-30
Sistema,3C39,AGPE JAIME AMIN,SOLAR,NO DESPACHADO CENTRALMENTE,AUTOG PEQ. ESCALA,GNCC,RAD SOLAR,2021-08-12,PRUEBAS,2022-07-30
Sistema,3C3X,AUTOG INGENIO MARIA LUISA,TERMICA,NO DESPACHADO CENTRALMENTE,AUTOGENERADOR,DEPG,BAGAZO,2021-08-31,OPERACION,2022-07-30
Sistema,3C3Z,LA SIERPE,SOLAR,NO DESPACHADO CENTRALMENTE,NORMAL,AAGG,RAD SOLAR,2021-09-25,OPERACION,2022-07-30
Sistema,3C4V,AUTOG TERMOTAME,TERMICA,NO DESPACHADO CENTRALMENTE,AUTOGENERADOR,GSAG,GAS,2021-09-02,OPERACION,2022-07-30
Sistema,3C6Y,AGPE SULOGISTICA - TRI FIT,SOLAR,NO DESPACHADO CENTRALMENTE,AUTOG PEQ. ESCALA,DCLC,RAD SOLAR,2021-09-01,OPERACION,2022-07-30
Sistema,3C71,AGPE TRI FIT BODEGA ACOPI,SOLAR,NO DESPACHADO CENTRALMENTE,AUTOG PEQ. ESCALA,DCLC,RAD SOLAR,2021-09-01,OPERACION,2022-07-30
Sistema,3CC3,AGPE CASA RICHARD - MALIBU,SOLAR,NO DESPACHADO CENTRALMENTE,AUTOG PEQ. ESCALA,ETTC,RAD SOLAR,2021-09-09,OPERACION,2022-07-30
Sistema,3CCW,AGPE FIRPLAK,SOLAR,NO DESPACHADO CENTRALMENTE,AUTOG PEQ. ESCALA,NEUC,RAD SOLAR,2021-09-09,OPERACION,2022-07-30
Sistema,3CDR,AGPE COLHIELO META SAS,SOLAR,NO DESPACHADO CENTRALMENTE,AUTOG PEQ. ESCALA,PEEC,RAD SOLAR,2021-09-30,PRUEBAS,2022-07-30
Sistema,3CG9,LA CHORRERA,HIDRAULICA,NO DESPACHADO CENTRALMENTE,NORMAL,HEMG,AGUA,2022-05-31,OPERACION,2022-07-30
Sistema,3CGB,AGPE MADOCO SIGLO XXI SEDE II,SOLAR,NO DESPACHADO CENTRALMENTE,AUTOG PEQ. ESCALA,GNCC,RAD SOLAR,2021-09-30,PRUEBAS,2022-07-30
Sistema,3CKF,AGPE COLUMBUS SCHOOL,SOLAR,NO DESPACHADO CENTRALMENTE,AUTOG PEQ. ESCALA,EPSC,RAD SOLAR,2021-10-31,PRUEBAS,2022-07-30
Sistema,3CKQ,AGPE LA VALLENATA,SOLAR,NO DESPACHADO CENTRALMENTE,AUTOG PEQ. ESCALA,TPLC,RAD SOLAR,2021-10-30,PRUEBAS,2022-07-30
Sistema,3CL1,AGPE 125 GT CARRERA,SOLAR,NO DESPACHADO CENTRALMENTE,AUTOG PEQ. ESCALA,DCLC,RAD SOLAR,2021-09-30,PRUEBAS,2022-07-30
Sistema,3CN1,AGPE JUAN CARLOS DIAZ,SOLAR,NO DESPACHADO CENTRALMENTE,AUTOG PEQ. ESCALA,NEUC,RAD SOLAR,2021-10-01,PRUEBAS,2022-07-30
Sistema,3CPK,AGPE OLIMPICA PIVIJAY,SOLAR,NO DESPACHADO CENTRALMENTE,AUTOG PEQ. ESCALA,GNCC,RAD SOLAR,2021-10-31,PRUEBAS,2022-07-30
Sistema,3CSF,AGPE SULFOQUIMICAS,SOLAR,NO DESPACHADO CENTRALMENTE,AUTOG PEQ. ESCALA,NEUC,RAD SOLAR,2021-10-29,PRUEBAS,2022-07-30
Sistema,3CSH,PETALO DE CORDOBA I,SOLAR,NO DESPACHADO CENTRALMENTE,NORMAL,GNYG,RAD SOLAR,2021-10-31,PRUEBAS,2022-07-30
Sistema,3CUW,AGPE PEDRO LEMUS,SOLAR,NO DESPACHADO CENTRALMENTE,AUTOG PEQ. ESCALA,NEUC,RAD SOLAR,2021-11-11,OPERACION,2022-07-30
Sistema,3D6C,AGPE LICORES DE CUNDINAMARCA,SOLAR,NO DESPACHADO CENTRALMENTE,AUTOG PEQ. ESCALA,GNCC,RAD SOLAR,2021-12-02,OPERACION,2022-07-30
Sistema,3D8B,AGPE INVERSIONES GLP,SOLAR,NO DESPACHADO CENTRALMENTE,AUTOG PEQ. ESCALA,ETTC,RAD SOLAR,2021-12-09,OPERACION,2022-07-30
Sistema,3D8D,AGPE BIOEMPACK,SOLAR,NO DESPACHADO CENTRALMENTE,AUTOG PEQ. ESCALA,NRCC,RAD SOLAR,2021-12-09,OPERACION,2022-07-30
Sistema,3D8F,AGPE NOVATRONICA,SOLAR,NO DESPACHADO CENTRALMENTE,AUTOG PEQ. ESCALA,NRCC,RAD SOLAR,2021-12-09,OPERACION,2022-07-30
Sistema,3DBG,AGPE MANUFACTURAS VICO,SOLAR,NO DESPACHADO CENTRALMENTE,AUTOG PEQ. ESCALA,ETTC,RAD SOLAR,2021-12-16,OPERACION,2022-07-30
Sistema,3DBI,AGPE ALVARO HOYOS,SOLAR,NO DESPACHADO CENTRALMENTE,AUTOG PEQ. ESCALA,NEUC,RAD SOLAR,2021-12-16,OPERACION,2022-07-30
Sistema,3DDT,LATAM SOLAR LA LOMA,SOLAR,DESPACHADO CENTRALMENTE,NORMAL,ENDG,RAD SOLAR,2021-12-31,PRUEBAS,2022-07-30
Sistema,3DGL,AGPE ERIKA MEJIA,SOLAR,NO DESPACHADO CENTRALMENTE,AUTOG PEQ. ESCALA,NEUC,RAD SOLAR,2021-12-30,OPERACION,2022-07-30
Sistema,3DKZ,AGPE CDL LEONISA,SOLAR,NO DESPACHADO CENTRALMENTE,AUTOG PEQ. ESCALA,NEUC,RAD SOLAR,2022-01-20,OPERACION,2022-07-30
Sistema,3DL2,AGPE SOL BEATRIZ ARANGO,SOLAR,NO DESPACHADO CENTRALMENTE,AUTOG PEQ. ESCALA,NEUC,RAD SOLAR,2022-01-20,OPERACION,2022-07-30
Sistema,3DM3,AGPE ELIANA GARZON,SOLAR,NO DESPACHADO CENTRALMENTE,AUTOG PEQ. ESCALA,ETTC,RAD SOLAR,2022-01-27,OPERACION,2022-07-30
Sistema,3DP6,AGPE GT RED SONORA LOS ANDES,SOLAR,NO DESPACHADO CENTRALMENTE,AUTOG PEQ. ESCALA,DCLC,RAD SOLAR,2022-02-03,OPERACION,2022-07-30
Sistema,3DP8,AGPE IE SALAZAR Y HERRERA,SOLAR,NO DESPACHADO CENTRALMENTE,AUTOG PEQ. ESCALA,ETTC,RAD SOLAR,2022-02-03,OPERACION,2022-07-30
Sistema,3DPN,AGPE DORICOLOR,SOLAR,NO DESPACHADO CENTRALMENTE,AUTOG PEQ. ESCALA,NEUC,RAD SOLAR,2022-02-06,OPERACION,2022-07-30
Sistema,3DQA,AGPE AVOFRUIT,SOLAR,NO DESPACHADO CENTRALMENTE,AUTOG PEQ. ESCALA,EEPC,RAD SOLAR,2022-02-10,OPERACION,2022-07-30
Sistema,3DQC,AGPE CLUB CAMPESTRE,SOLAR,NO DESPACHADO CENTRALMENTE,AUTOG PEQ. ESCALA,EEPC,RAD SOLAR,2022-02-10,OPERACION,2022-07-30
Sistema,3DSO,HELIOS I,SOLAR,NO DESPACHADO CENTRALMENTE,NORMAL,ENUG,RAD SOLAR,2022-03-03,OPERACION,2022-07-30
Sistema,3DST,AGPE PCP,SOLAR,NO DESPACHADO CENTRALMENTE,AUTOG PEQ. ESCALA,EEPC,RAD SOLAR,2022-02-24,OPERACION,2022-07-30
Sistema,3DXJ,LAS VIOLETAS,HIDRAULICA,NO DESPACHADO CENTRALMENTE,GEN. DISTRIBUIDA,PCYG,AGUA,2022-03-30,OPERACION,2022-07-30
Sistema,3E1W,AGPE RELIANZ GALAPA,SOLAR,NO DESPACHADO CENTRALMENTE,AUTOG PEQ. ESCALA,ENDC,RAD SOLAR,2022-03-24,OPERACION,2022-07-30
Sistema,3E2I,AGPE EL HUECO BELLEZA,SOLAR,NO DESPACHADO CENTRALMENTE,AUTOG PEQ. ESCALA,GNCC,RAD SOLAR,2022-03-31,OPERACION,2022-07-30
Sistema,3E5O,AGPE EMPAQUETADURAS DARROW,SOLAR,NO DESPACHADO CENTRALMENTE,AUTOG PEQ. ESCALA,GNCC,RAD SOLAR,2022-04-14,OPERACION,2022-07-30
Sistema,3E6A,AGPE COLOMBIANA DE PET,SOLAR,NO DESPACHADO CENTRALMENTE,AUTOG PEQ. ESCALA,NEUC,RAD SOLAR,2022-04-21,OPERACION,2022-07-30
Sistema,3E6C,AGPE AURELIO LLANO,SOLAR,NO DESPACHADO CENTRALMENTE,AUTOG PEQ. ESCALA,NEUC,RAD SOLAR,2022-04-21,OPERACION,2022-07-30
Sistema,3E7C,AUTOG CELSIA SOLAR LEVAPAN,SOLAR,NO DESPACHADO CENTRALMENTE,AUTOGENERADOR,EPSG,RAD SOLAR,2022-06-11,OPERACION,2022-07-30
Sistema,3E98,AUTOG COLOMBINA DEL CAUCA,SOLAR,NO DESPACHADO CENTRALMENTE,AUTOGENERADOR,DEPG,RAD SOLAR,2022-04-30,OPERACION,2022-07-30
Sistema,3E9G,AGPE ARISOL,SOLAR,NO DESPACHADO CENTRALMENTE,AUTOG PEQ. ESCALA,EPSC,RAD SOLAR,2022-05-12,OPERACION,2022-07-30
Sistema,3E9I,ZEUS,HIDRAULICA,NO DESPACHADO CENTRALMENTE,NORMAL,CHZG,AGUA,2022-05-19,OPERACION,2022-07-30
Sistema,3EBN,GR PARQUE SOLAR TUCANES,SOLAR,NO DESPACHADO CENTRALMENTE,NORMAL,EPSG,RAD SOLAR,2022-05-31,OPERACION,2022-07-30
Sistema,3ED1,AUTOG GRAN COLOMBIA GOLD,HIDRAULICA,NO DESPACHADO CENTRALMENTE,AUTOGENERADOR,PRIG,AGUA,2022-05-31,OPERACION,2022-07-30
Sistema,3EDL,BOSQUES SOLARES DE LOS LLANOS 5,SOLAR,NO DESPACHADO CENTRALMENTE,NORMAL,ISGG,RAD SOLAR,2022-05-31,PRUEBAS,2022-07-30
Sistema,3EE4,PARQUE EOLICO GUAJIRA I,EOLICA,NO DESPACHADO CENTRALMENTE,NORMAL,ISGG,VIENTO,2022-04-30,PRUEBAS,2022-07-30
Sistema,3EFW,AGPE PLANTA BUGA,SOLAR,NO DESPACHADO CENTRALMENTE,AUTOG PEQ. ESCALA,TPLC,RAD SOLAR,2022-06-09,OPERACION,2022-07-30
Sistema,3EFY,BOSQUES SOLARES DE LOS LLANOS 4,SOLAR,NO DESPACHADO CENTRALMENTE,NORMAL,ISGG,RAD SOLAR,2022-05-31,PRUEBAS,2022-07-30
Sistema,3EGG,AGPE ALFREDO MARTINEZ,SOLAR,NO DESPACHADO CENTRALMENTE,AUTOG PEQ. ESCALA,EPSC,RAD SOLAR,2022-06-16,OPERACION,2022-07-30
Sistema,3EGI,AGPE ADIELA PALMA DE CADAVID,SOLAR,NO DESPACHADO CENTRALMENTE,AUTOG PEQ. ESCALA,EPSC,RAD SOLAR,2022-06-16,OPERACION,2022-07-30
Sistema,3EGK,AGPE CLINICA CLINALTEC,SOLAR,NO DESPACHADO CENTRALMENTE,AUTOG PEQ. ESCALA,EPSC,RAD SOLAR,2022-06-16,OPERACION,2022-07-30
Sistema,3EGO,AGPE INVESA,SOLAR,NO DESPACHADO CENTRALMENTE,AUTOG PEQ. ESCALA,EPSC,RAD SOLAR,2022-06-16,OPERACION,2022-07-30
Sistema,3EGQ,AGPE NACIONAL AVICOLA,SOLAR,NO DESPACHADO CENTRALMENTE,AUTOG PEQ. ESCALA,EPSC,RAD SOLAR,2022-06-16,OPERACION,2022-07-30
Sistema,3EGS,AGPE SURTIPLAZA,SOLAR,NO DESPACHADO CENTRALMENTE,AUTOG PEQ. ESCALA,EPSC,RAD SOLAR,2022-06-16,OPERACION,2022-07-30
Sistema,3EGW,AGPE EL REFLEJO,SOLAR,NO DESPACHADO CENTRALMENTE,AUTOG PEQ. ESCALA,EPSC,RAD SOLAR,2022-06-16,OPERACION,2022-07-30
Sistema,3EJI,AGPE CALARCA 2,SOLAR,NO DESPACHADO CENTRALMENTE,AUTOG PEQ. ESCALA,GNCC,RAD SOLAR,2022-07-01,OPERACION,2022-07-30
Sistema,3EJK,AGPE CALARCA 1,SOLAR,NO DESPACHADO CENTRALMENTE,AUTOG PEQ. ESCALA,GNCC,RAD SOLAR,2022-07-01,OPERACION,2022-07-30
Sistema,3EJM,AGPE RETYPACK SAS,SOLAR,NO DESPACHADO CENTRALMENTE,AUTOG PEQ. ESCALA,GNCC,RAD SOLAR,2022-07-01,OPERACION,2022-07-30
Sistema,3EJO,AGPE SANTIAGO CASTAÑO,SOLAR,NO DESPACHADO CENTRALMENTE,AUTOG PEQ. ESCALA,NEUC,RAD SOLAR,2022-06-30,OPERACION,2022-07-30
Sistema,3EL3,AGPE LABORATORIOS EDO,SOLAR,NO DESPACHADO CENTRALMENTE,AUTOG PEQ. ESCALA,DCLC,RAD SOLAR,2022-07-07,OPERACION,2022-07-30
Sistema,3EL5,AGPE HUGO RESTREPO,SOLAR,NO DESPACHADO CENTRALMENTE,AUTOG PEQ. ESCALA,GNCC,RAD SOLAR,2022-07-07,OPERACION,2022-07-30
Sistema,3EL7,AGPE RED WM IMPRESORES,SOLAR,NO DESPACHADO CENTRALMENTE,AUTOG PEQ. ESCALA,DCLC,RAD SOLAR,2022-07-07,OPERACION,2022-07-30
Sistema,3EL9,AGPE HOYOSTOOLS,SOLAR,NO DESPACHADO CENTRALMENTE,AUTOG PEQ. ESCALA,DCLC,RAD SOLAR,2022-07-07,OPERACION,2022-07-30
Sistema,3EM6,AGPE LAVANDERIA BURBUJAS,SOLAR,NO DESPACHADO CENTRALMENTE,AUTOG PEQ. ESCALA,GNCC,RAD SOLAR,2022-07-14,OPERACION,2022-07-30
Sistema,3EM8,AGPE MOLDES Y MECANIZADOS,SOLAR,NO DESPACHADO CENTRALMENTE,AUTOG PEQ. ESCALA,GNCC,RAD SOLAR,2022-07-14,OPERACION,2022-07-30
Sistema,3ENE,SINCE,SOLAR,NO DESPACHADO CENTRALMENTE,NORMAL,EPSG,RAD SOLAR,2022-07-31,PRUEBAS,2022-07-30
Sistema,3EO5,AGPE CASA GABRIEL ROSALES,SOLAR,NO DESPACHADO CENTRALMENTE,AUTOG PEQ. ESCALA,GNCC,RAD SOLAR,2022-07-28,OPERACION,2022-07-30
Sistema,3EO7,AGPE AVICOLA LA ESPERANZA,SOLAR,NO DESPACHADO CENTRALMENTE,AUTOG PEQ. ESCALA,GNCC,RAD SOLAR,2022-07-29,OPERACION,2022-07-30
Sistema,ABJ1,LA CASCADA ( ABEJORRAL),HIDRAULICA,NO DESPACHADO CENTRALMENTE,NORMAL,GPEG,AGUA,2007-09-17,OPERACION,2022-07-30
Sistema,AFR1,AGUA FRESCA,HIDRAULICA,NO DESPACHADO CENTRALMENTE,NORMAL,ADCG,AGUA,2008-04-10,OPERACION,2022-07-30
Sistema,ALBG,ALBAN,HIDRAULICA,DESPACHADO CENTRALMENTE,NORMAL,EPSG,AGUA,2000-12-15,OPERACION,2022-07-30
Sistema,ALTG,ALTO TULUA,HIDRAULICA,NO DESPACHADO CENTRALMENTE,NORMAL,EPSG,AGUA,2012-05-28,OPERACION,2022-07-30
Sistema,AMA1,AMAIME,HIDRAULICA,NO DESPACHADO CENTRALMENTE,NORMAL,EPSG,AGUA,2011-01-06,OPERACION,2022-07-30
Sistema,AMF1,AMALFI,HIDRAULICA,NO DESPACHADO CENTRALMENTE,GEN. DISTRIBUIDA,HZEG,AGUA,2007-08-05,OPERACION,2022-07-30
Sistema,AMR1,AMERICA,HIDRAULICA,NO DESPACHADO CENTRALMENTE,GEN. DISTRIBUIDA,EPMG,AGUA,1997-01-01,OPERACION,2022-07-30
Sistema,APHA,FUTURA - PARQUE ALPHA,EOLICA,DESPACHADO CENTRALMENTE,NORMAL,VNRG,VIENTO,2022-12-01,PRUEBAS,2022-07-30
Sistema,ARG1,AUTOG ARGOS CARTAGENA,TERMICA,NO DESPACHADO CENTRALMENTE,AUTOGENERADOR,EPSG,GAS,2016-03-15,OPERACION,2022-07-30
Sistema,ASN1,ASNAZU,HIDRAULICA,NO DESPACHADO CENTRALMENTE,GEN. DISTRIBUIDA,GNCG,AGUA,1934-01-01,OPERACION,2022-07-30
Sistema,AYR1,AUTOG AYURA,HIDRAULICA,NO DESPACHADO CENTRALMENTE,AUTOGENERADOR,EPMG,AGUA,1983-10-26,OPERACION,2022-07-30
Sistema,BAR1,BARROSO,HIDRAULICA,NO DESPACHADO CENTRALMENTE,NORMAL,ISGG,AGUA,2012-11-30,OPERACION,2022-07-30
Sistema,BETA,FUTURA - PARQUE BETA,EOLICA,DESPACHADO CENTRALMENTE,NORMAL,EOEG,VIENTO,2022-12-01,PRUEBAS,2022-07-30
Sistema,BLL3,BELLO,HIDRAULICA,NO DESPACHADO CENTRALMENTE,GEN. DISTRIBUIDA,EPMG,AGUA,1997-01-01,OPERACION,2022-07-30
Sistema,BLM1,BELMONTE,HIDRAULICA,NO DESPACHADO CENTRALMENTE,NORMAL,EEPG,AGUA,1939-01-01,OPERACION,2022-07-30
Sistema,BSQ1,EL BOSQUE,HIDRAULICA,NO DESPACHADO CENTRALMENTE,NORMAL,ERCG,AGUA,1935-01-01,OPERACION,2022-07-30
Sistema,BYN1,BAYONA,HIDRAULICA,NO DESPACHADO CENTRALMENTE,GEN. DISTRIBUIDA,DLRG,AGUA,1943-01-01,OPERACION,2022-07-30
Sistema,CAS1,CENTRAL CASTILLA 1,COGENERADOR,NO DESPACHADO CENTRALMENTE,COGENERADOR,RPEG,BAGAZO,2004-08-15,OPERACION,2022-07-30
Sistema,CCN1,COCONUCO,HIDRAULICA,NO DESPACHADO CENTRALMENTE,NORMAL,EMEG,AGUA,2000-09-27,OPERACION,2022-07-30
Sistema,CGM1,MAYAGUEZ 1,COGENERADOR,NO DESPACHADO CENTRALMENTE,COGENERADOR,EPSG,BAGAZO,2010-08-17,OPERACION,2022-07-30
Sistema,CHBG,BETANIA,HIDRAULICA,DESPACHADO CENTRALMENTE,NORMAL,ENDG,AGUA,1987-11-01,OPERACION,2022-07-30
Sistema,CHVR,CHIVOR,HIDRAULICA,DESPACHADO CENTRALMENTE,NORMAL,CHVG,AGUA,1977-05-23,OPERACION,2022-07-30
Sistema,CIP1,INGENIO PROVIDENCIA,COGENERADOR,NO DESPACHADO CENTRALMENTE,COGENERADOR,NTCG,BAGAZO,2009-05-18,OPERACION,2022-07-30
Sistema,CIS1,INGENIO SAN CARLOS 1,COGENERADOR,NO DESPACHADO CENTRALMENTE,COGENERADOR,EPSG,BAGAZO,2011-07-23,OPERACION,2022-07-30
Sistema,CLDR,CALDERAS,HIDRAULICA,NO DESPACHADO CENTRALMENTE,NORMAL,ISGG,AGUA,2006-06-30,OPERACION,2022-07-30
Sistema,CLL1,CARLOS LLERAS,HIDRAULICA,DESPACHADO CENTRALMENTE,FILO AGUA ESPECIAL,HDPG,AGUA,2015-11-22,OPERACION,2022-07-30
Sistema,CLMG,CALIMA,HIDRAULICA,DESPACHADO CENTRALMENTE,NORMAL,EPSG,AGUA,1967-01-01,OPERACION,2022-07-30
Sistema,CMKY,FUTURA - CHEMESKY,EOLICA,DESPACHADO CENTRALMENTE,NORMAL,EGPG,VIENTO,2021-12-31,PRUEBAS,2022-07-30
Sistema,CMN1,AUTOG CEMENTOS DEL NARE,HIDRAULICA,NO DESPACHADO CENTRALMENTE,AUTOGENERADOR,EPMG,AGUA,2004-09-01,OPERACION,2022-07-30
Sistema,CMP2,CAMPESTRE (EPM),HIDRAULICA,NO DESPACHADO CENTRALMENTE,GEN. DISTRIBUIDA,EPMG,AGUA,1997-01-01,OPERACION,2022-07-30
Sistema,COE1,COELLO,HIDRAULICA,NO DESPACHADO CENTRALMENTE,NORMAL,ENGG,AGUA,2016-12-10,OPERACION,2022-07-30
Sistema,CPT1,CAMPESTRE (CALARCA),HIDRAULICA,NO DESPACHADO CENTRALMENTE,GEN. DISTRIBUIDA,DLRG,AGUA,1956-01-01,OPERACION,2022-07-30
Sistema,CQT1,CHARQUITO,HIDRAULICA,NO DESPACHADO CENTRALMENTE,NORMAL,ENDG,AGUA,2003-08-22,OPERACION,2022-07-30
Sistema,CRC1,CARACOLI,HIDRAULICA,NO DESPACHADO CENTRALMENTE,NORMAL,EPMG,AGUA,1935-01-01,OPERACION,2022-07-30
Sistema,CSC1,CASCADA,HIDRAULICA,NO DESPACHADO CENTRALMENTE,NORMAL,EPMG,AGUA,1954-01-01,OPERACION,2022-07-30
Sistema,CTG1,CARTAGENA 1,TERMICA,DESPACHADO CENTRALMENTE,NORMAL,ENDG,COMBUSTOLEO,1995-07-20,OPERACION,2022-07-30
Sistema,CTG2,CARTAGENA 2,TERMICA,DESPACHADO CENTRALMENTE,NORMAL,ENDG,COMBUSTOLEO,1980-01-01,OPERACION,2022-07-30
Sistema,CTG3,CARTAGENA 3,TERMICA,DESPACHADO CENTRALMENTE,NORMAL,ENDG,COMBUSTOLEO,1980-01-01,OPERACION,2022-07-30
Sistema,CUC1,CUCUANA,HIDRAULICA,DESPACHADO CENTRALMENTE,FILO DE AGUA,EPSG,AGUA,2015-07-29,OPERACION,2022-07-30
Sistema,CUR1,CURRUCUCUES,HIDRAULICA,NO DESPACHADO CENTRALMENTE,NORMAL,NRCG,AGUA,2010-08-18,OPERACION,2022-07-30
Sistema,DVS1,DARIO VALENCIA SAMPER,HIDRAULICA,DESPACHADO CENTRALMENTE,FILO DE AGUA,ENDG,AGUA,2013-11-10,OPERACION,2022-07-30
Sistema,EPFV,EL PASO,SOLAR,DESPACHADO CENTRALMENTE,NORMAL,ENDG,RAD SOLAR,2018-12-02,PRUEBAS,2022-07-30
Sistema,ESMR,ESMERALDA,HIDRAULICA,DESPACHADO CENTRALMENTE,FILO DE AGUA,EPMG,AGUA,1963-01-01,OPERACION,2022-07-30
Sistema,FLRD,FLORIDA,HIDRAULICA,NO DESPACHADO CENTRALMENTE,FILO DE AGUA,GNCG,AGUA,1975-01-01,OPERACION,2022-07-30
Sistema,GCA1,CARUQUIA,HIDRAULICA,NO DESPACHADO CENTRALMENTE,NORMAL,ISGG,AGUA,2010-01-28,OPERACION,2022-07-30
Sistema,GCC1,GUACAICA,HIDRAULICA,NO DESPACHADO CENTRALMENTE,GEN. DISTRIBUIDA,EPMG,AGUA,1992-01-01,OPERACION,2022-07-30
Sistema,GE32,GECELCA 32,TERMICA,DESPACHADO CENTRALMENTE,NORMAL,GECG,CARBON,2018-09-28,OPERACION,2022-07-30
Sistema,GEC3,GECELCA 3,TERMICA,DESPACHADO CENTRALMENTE,NORMAL,GECG,CARBON,2015-09-17,OPERACION,2022-07-30
Sistema,GQA1,GUANAQUITAS,HIDRAULICA,NO DESPACHADO CENTRALMENTE,NORMAL,ISGG,AGUA,2010-06-30,OPERACION,2022-07-30
Sistema,GTPE,GUATAPE,HIDRAULICA,DESPACHADO CENTRALMENTE,NORMAL,EPMG,AGUA,1972-01-01,OPERACION,2022-07-30
Sistema,GTRG,GUATRON,HIDRAULICA,DESPACHADO CENTRALMENTE,NORMAL,EPMG,AGUA,1966-01-01,OPERACION,2022-07-30
Sistema,GVIO,GUAVIO,HIDRAULICA,DESPACHADO CENTRALMENTE,NORMAL,ENDG,AGUA,1993-03-19,OPERACION,2022-07-30
Sistema,HMIN,ESCUELA DE MINAS,HIDRAULICA,DESPACHADO CENTRALMENTE,FILO DE AGUA,HDPG,AGUA,2019-09-30,OPERACION,2022-07-30
Sistema,HMLG,MIEL I,HIDRAULICA,DESPACHADO CENTRALMENTE,NORMAL,ISGG,AGUA,2002-12-01,OPERACION,2022-07-30
Sistema,HMO1,HIDROMONTAÑITAS,HIDRAULICA,NO DESPACHADO CENTRALMENTE,FILO DE AGUA,EPSG,AGUA,2012-06-14,OPERACION,2022-07-30
Sistema,HRD1,LA HERRADURA,HIDRAULICA,NO DESPACHADO CENTRALMENTE,FILO DE AGUA,EPMG,AGUA,2004-09-03,OPERACION,2022-07-30
Sistema,ILC1,INGENIO LA CARMELITA,COGENERADOR,NO DESPACHADO CENTRALMENTE,COGENERADOR,EPSG,BAGAZO,2009-11-11,OPERACION,2022-07-30
Sistema,INC1,INCAUCA 1,COGENERADOR,NO DESPACHADO CENTRALMENTE,COGENERADOR,NTCG,BAGAZO,1998-10-21,OPERACION,2022-07-30
Sistema,INS1,INSULA,HIDRAULICA,NO DESPACHADO CENTRALMENTE,NORMAL,EPMG,AGUA,1995-07-20,OPERACION,2022-07-30
Sistema,INT1,INTERMEDIA,HIDRAULICA,NO DESPACHADO CENTRALMENTE,GEN. DISTRIBUIDA,EPMG,AGUA,1974-01-01,OPERACION,2022-07-30
Sistema,INZ1,INZA,HIDRAULICA,NO DESPACHADO CENTRALMENTE,GEN. DISTRIBUIDA,GNCG,AGUA,2009-02-05,OPERACION,2022-07-30
Sistema,IQU1,IQUIRA I,HIDRAULICA,NO DESPACHADO CENTRALMENTE,NORMAL,HLAG,AGUA,1955-01-01,OPERACION,2022-07-30
Sistema,IQU2,IQUIRA II,HIDRAULICA,NO DESPACHADO CENTRALMENTE,NORMAL,HLAG,AGUA,1965-01-01,OPERACION,2022-07-30
Sistema,IRG1,INGENIO RISARALDA 1,COGENERADOR,NO DESPACHADO CENTRALMENTE,COGENERADOR,EEPG,BAGAZO,2003-08-15,OPERACION,2022-07-30
Sistema,JAGS,JAGUAS,HIDRAULICA,DESPACHADO CENTRALMENTE,NORMAL,ISGG,AGUA,1988-07-01,OPERACION,2022-07-30
Sistema,JBV1,JULIO BRAVO,HIDRAULICA,NO DESPACHADO CENTRALMENTE,NORMAL,CDNG,AGUA,1942-01-01,OPERACION,2022-07-30
Sistema,JPR1,JEPIRACHI 1 - 15,EOLICA,NO DESPACHADO CENTRALMENTE,NORMAL,EPMG,VIENTO,2004-04-27,OPERACION,2022-07-30
Sistema,LBR1,NUEVO LIBARE,HIDRAULICA,NO DESPACHADO CENTRALMENTE,NORMAL,EEPG,AGUA,1994-01-01,OPERACION,2022-07-30
Sistema,LCS1,LA CASCADA (ANTIOQUIA),HIDRAULICA,NO DESPACHADO CENTRALMENTE,NORMAL,LCSG,AGUA,2007-07-17,OPERACION,2022-07-30
Sistema,LMR1,EL LIMONAR,HIDRAULICA,NO DESPACHADO CENTRALMENTE,NORMAL,ENDG,AGUA,2003-12-06,OPERACION,2022-07-30
Sistema,LPLO,RIO PALO,HIDRAULICA,NO DESPACHADO CENTRALMENTE,NORMAL,GNCG,AGUA,1960-01-01,OPERACION,2022-07-30
Sistema,LTSJ,LA TASAJERA,HIDRAULICA,DESPACHADO CENTRALMENTE,NORMAL,EPMG,AGUA,1994-05-20,OPERACION,2022-07-30
Sistema,MIR1,MIROLINDO,HIDRAULICA,NO DESPACHADO CENTRALMENTE,NORMAL,HDTG,AGUA,2004-11-03,OPERACION,2022-07-30
Sistema,MNC1,MUNICIPAL,HIDRAULICA,NO DESPACHADO CENTRALMENTE,NORMAL,EPMG,AGUA,1935-01-01,OPERACION,2022-07-30
Sistema,MND1,MONDOMO,HIDRAULICA,NO DESPACHADO CENTRALMENTE,GEN. DISTRIBUIDA,GNCG,AGUA,1958-01-01,OPERACION,2022-07-30
Sistema,MNT1,MANANTIALES,HIDRAULICA,NO DESPACHADO CENTRALMENTE,NORMAL,EPMG,AGUA,1992-01-01,OPERACION,2022-07-30
Sistema,MOY1,AMOYA LA ESPERANZA,HIDRAULICA,DESPACHADO CENTRALMENTE,FILO DE AGUA,ISGG,AGUA,2013-05-24,OPERACION,2022-07-30
Sistema,MRL1,MERILECTRICA 1,TERMICA,DESPACHADO CENTRALMENTE,NORMAL,EPSG,GAS,1998-02-05,OPERACION,2022-07-30
Sistema,NAV1,LA NAVETA,HIDRAULICA,NO DESPACHADO CENTRALMENTE,NORMAL,IACG,AGUA,2014-11-27,OPERACION,2022-07-30
Sistema,NIM1,NIMA,HIDRAULICA,NO DESPACHADO CENTRALMENTE,NORMAL,EPSG,AGUA,1942-01-01,OPERACION,2022-07-30
Sistema,NQU1,NIQUIA,HIDRAULICA,NO DESPACHADO CENTRALMENTE,NORMAL,EPMG,AGUA,1993-06-28,OPERACION,2022-07-30
Sistema,NTB1,NUTIBARA,HIDRAULICA,NO DESPACHADO CENTRALMENTE,GEN. DISTRIBUIDA,EPMG,AGUA,1997-01-01,OPERACION,2022-07-30
Sistema,OVJ1,OVEJAS,HIDRAULICA,NO DESPACHADO CENTRALMENTE,GEN. DISTRIBUIDA,GNCG,AGUA,1939-01-01,OPERACION,2022-07-30
Sistema,PES1,ITUANGO,HIDRAULICA,DESPACHADO CENTRALMENTE,NORMAL,EPMG,AGUA,2021-01-01,PRUEBAS,2022-07-30
Sistema,PGUG,PAGUA,HIDRAULICA,DESPACHADO CENTRALMENTE,NORMAL,ENDG,AGUA,1986-12-01,OPERACION,2022-07-30
Sistema,PIC1,INGENIO PICHICHI 1,COGENERADOR,NO DESPACHADO CENTRALMENTE,COGENERADOR,EMEG,BAGAZO,2010-01-26,OPERACION,2022-07-30
Sistema,PJR1,PAJARITO,HIDRAULICA,NO DESPACHADO CENTRALMENTE,NORMAL,EPMG,AGUA,1999-11-25,OPERACION,2022-07-30
Sistema,PLM1,PALMAS SAN GIL,HIDRAULICA,NO DESPACHADO CENTRALMENTE,NORMAL,EPMG,AGUA,1954-01-01,OPERACION,2022-07-30
Sistema,PLU1,URRAO,HIDRAULICA,NO DESPACHADO CENTRALMENTE,NORMAL,DEPG,AGUA,2007-07-30,OPERACION,2022-07-30
Sistema,PLYS,PLAYAS,HIDRAULICA,DESPACHADO CENTRALMENTE,NORMAL,EPMG,AGUA,1988-08-01,OPERACION,2022-07-30
Sistema,PMR1,REMEDIOS,HIDRAULICA,NO DESPACHADO CENTRALMENTE,GEN. DISTRIBUIDA,HZEG,AGUA,2007-09-19,OPERACION,2022-07-30
Sistema,PNC1,COGENERADOR PROENCA,COGENERADOR,NO DESPACHADO CENTRALMENTE,COGENERADOR,PECG,BAGAZO,2014-04-29,OPERACION,2022-07-30
Sistema,PPA1,PAIPA 1,TERMICA,DESPACHADO CENTRALMENTE,NORMAL,HIMG,CARBON,1963-01-01,OPERACION,2022-07-30
Sistema,PPA2,PAIPA 2,TERMICA,DESPACHADO CENTRALMENTE,NORMAL,HIMG,CARBON,1975-01-01,OPERACION,2022-07-30
Sistema,PPA3,PAIPA 3,TERMICA,DESPACHADO CENTRALMENTE,NORMAL,HIMG,CARBON,1982-05-06,OPERACION,2022-07-30
Sistema,PPA4,PAIPA 4,TERMICA,DESPACHADO CENTRALMENTE,NORMAL,SOCG,CARBON,1999-01-08,OPERACION,2022-07-30
Sistema,PPN1,PAPELES NACIONALES,COGENERADOR,NO DESPACHADO CENTRALMENTE,COGENERADOR,NRCG,GAS,2009-02-05,OPERACION,2022-07-30
Sistema,PRC2,PORCE II,HIDRAULICA,DESPACHADO CENTRALMENTE,NORMAL,EPMG,AGUA,2001-04-08,OPERACION,2022-07-30
Sistema,PRC3,PORCE III,HIDRAULICA,DESPACHADO CENTRALMENTE,NORMAL,EPMG,AGUA,2011-02-09,OPERACION,2022-07-30
Sistema,PRD4,PRADO IV,HIDRAULICA,NO DESPACHADO CENTRALMENTE,NORMAL,EPSG,AGUA,1973-03-01,OPERACION,2022-07-30
Sistema,PRDO,PRADO,HIDRAULICA,DESPACHADO CENTRALMENTE,NORMAL,EPSG,AGUA,1973-03-01,OPERACION,2022-07-30
Sistema,PRG1,PROELECTRICA 1,TERMICA,DESPACHADO CENTRALMENTE,NORMAL,PRIG,GAS,1993-07-01,OPERACION,2022-07-30
Sistema,PRG2,PROELECTRICA 2,TERMICA,DESPACHADO CENTRALMENTE,NORMAL,PRIG,GAS,1993-07-01,OPERACION,2022-07-30
Sistema,PRV1,PROVIDENCIA,HIDRAULICA,NO DESPACHADO CENTRALMENTE,NORMAL,HZEG,AGUA,2015-09-30,OPERACION,2022-07-30
Sistema,PST1,PASTALES,HIDRAULICA,NO DESPACHADO CENTRALMENTE,GEN. DISTRIBUIDA,HDTG,AGUA,2004-02-18,OPERACION,2022-07-30
Sistema,PTA1,LA PITA,HIDRAULICA,NO DESPACHADO CENTRALMENTE,NORMAL,HLAG,AGUA,1965-01-01,OPERACION,2022-07-30
Sistema,PTC1,PATICO - LA CABRERA,HIDRAULICA,NO DESPACHADO CENTRALMENTE,NORMAL,CCGG,AGUA,1930-01-01,OPERACION,2022-07-30
Sistema,PTG1,PUENTE GUILLERMO,HIDRAULICA,NO DESPACHADO CENTRALMENTE,NORMAL,NRCG,AGUA,2001-09-01,OPERACION,2022-07-30
Sistema,PTR1,PTAR 1,TERMICA,NO DESPACHADO CENTRALMENTE,NORMAL,EMIG,GAS,2005-11-01,PRUEBAS,2022-07-30
Sistema,QUI1,EL QUIMBO,HIDRAULICA,DESPACHADO CENTRALMENTE,NORMAL,ENDG,AGUA,2015-11-16,OPERACION,2022-07-30
Sistema,RBB1,RIO BOBO,HIDRAULICA,NO DESPACHADO CENTRALMENTE,NORMAL,CDNG,AGUA,1960-01-01,OPERACION,2022-07-30
Sistema,RCIO,RIO RECIO,HIDRAULICA,NO DESPACHADO CENTRALMENTE,GEN. DISTRIBUIDA,HDTG,AGUA,1958-11-01,OPERACION,2022-07-30
Sistema,RCL1,RIO CALI,HIDRAULICA,NO DESPACHADO CENTRALMENTE,NORMAL,EPSG,AGUA,1925-01-01,OPERACION,2022-07-30
Sistema,RFR1,RIO FRIO I,HIDRAULICA,NO DESPACHADO CENTRALMENTE,NORMAL,CETG,AGUA,1954-01-01,OPERACION,2022-07-30
Sistema,RFR2,RIO FRIO II,HIDRAULICA,NO DESPACHADO CENTRALMENTE,FILO DE AGUA,CETG,AGUA,1996-01-01,OPERACION,2022-07-30
Sistema,RGR1,RIO GRANDE,HIDRAULICA,NO DESPACHADO CENTRALMENTE,GEN. DISTRIBUIDA,EPMG,AGUA,2007-12-01,OPERACION,2022-07-30
Sistema,RGRN,RIOGRANDE I,HIDRAULICA,NO DESPACHADO CENTRALMENTE,NORMAL,EPMG,AGUA,1956-01-01,OPERACION,2022-07-30
Sistema,RMR1,RUMOR,HIDRAULICA,NO DESPACHADO CENTRALMENTE,NORMAL,CETG,AGUA,1999-01-01,OPERACION,2022-07-30
Sistema,RMYO,RIO MAYO,HIDRAULICA,NO DESPACHADO CENTRALMENTE,FILO DE AGUA,CDNG,AGUA,1995-07-20,OPERACION,2022-07-30
Sistema,RNG1,RIONEGRO,HIDRAULICA,NO DESPACHADO CENTRALMENTE,NORMAL,SPRG,AGUA,1975-01-01,OPERACION,2022-07-30
Sistema,RPD1,RIO PIEDRAS,HIDRAULICA,NO DESPACHADO CENTRALMENTE,FILO DE AGUA,EPSG,AGUA,2000-03-31,OPERACION,2022-07-30
Sistema,RPL1,INGENIO RIOPAILA 1,COGENERADOR,NO DESPACHADO CENTRALMENTE,COGENERADOR,RPEG,BAGAZO,2018-05-21,OPERACION,2022-07-30
Sistema,SBA1,SUBA,HIDRAULICA,NO DESPACHADO CENTRALMENTE,NORMAL,ENDG,AGUA,2013-04-15,OPERACION,2022-07-30
Sistema,SFC1,SAN FRANCISCO (PUTUMAYO),HIDRAULICA,NO DESPACHADO CENTRALMENTE,GEN. DISTRIBUIDA,GPYG,AGUA,2012-12-15,OPERACION,2022-07-30
Sistema,SJM1,SAN JOSE DE LA MONTAÑA,HIDRAULICA,NO DESPACHADO CENTRALMENTE,GEN. DISTRIBUIDA,GPEG,AGUA,2007-07-30,OPERACION,2022-07-30
Sistema,SJN1,SAJANDI,HIDRAULICA,NO DESPACHADO CENTRALMENTE,NORMAL,GNCG,AGUA,1995-01-01,OPERACION,2022-07-30
Sistema,SJOG,SAN JOSE,HIDRAULICA,NO DESPACHADO CENTRALMENTE,GEN. DISTRIBUIDA,GCEG,AGUA,2003-11-16,OPERACION,2022-07-30
Sistema,SLV1,SILVIA,HIDRAULICA,NO DESPACHADO CENTRALMENTE,GEN. DISTRIBUIDA,GNCG,AGUA,1994-01-01,OPERACION,2022-07-30
Sistema,SLVJ,SALVAJINA,HIDRAULICA,DESPACHADO CENTRALMENTE,NORMAL,EPSG,AGUA,1995-07-20,OPERACION,2022-07-30
Sistema,SMI1,SAN MIGUEL,HIDRAULICA,DESPACHADO CENTRALMENTE,FILO DE AGUA,ISGG,AGUA,2015-12-23,OPERACION,2022-07-30
Sistema,SNC1,SAN CANCIO,HIDRAULICA,NO DESPACHADO CENTRALMENTE,NORMAL,EPMG,AGUA,1929-01-01,OPERACION,2022-07-30
Sistema,SNCR,SAN CARLOS,HIDRAULICA,DESPACHADO CENTRALMENTE,NORMAL,ISGG,AGUA,1984-01-20,OPERACION,2022-07-30
Sistema,SNFR,SAN FRANCISCO,HIDRAULICA,DESPACHADO CENTRALMENTE,FILO DE AGUA,EPMG,AGUA,1969-01-01,OPERACION,2022-07-30
Sistema,SNS1,SONSON,HIDRAULICA,NO DESPACHADO CENTRALMENTE,NORMAL,EPMG,AGUA,2002-06-01,OPERACION,2022-07-30
Sistema,SNT1,SANTA ANA,HIDRAULICA,NO DESPACHADO CENTRALMENTE,NORMAL,ENDG,AGUA,2005-06-09,OPERACION,2022-07-30
Sistema,SOG1,SOGAMOSO,HIDRAULICA,DESPACHADO CENTRALMENTE,NORMAL,ISGG,AGUA,2014-12-20,OPERACION,2022-07-30
Sistema,SPY1,RIO SAPUYES,HIDRAULICA,NO DESPACHADO CENTRALMENTE,NORMAL,CDNG,AGUA,1954-01-01,OPERACION,2022-07-30
Sistema,SRA1,SANTA RITA,HIDRAULICA,NO DESPACHADO CENTRALMENTE,NORMAL,GPEG,AGUA,2010-08-18,OPERACION,2022-07-30
Sistema,STG1,SANTIAGO,HIDRAULICA,NO DESPACHADO CENTRALMENTE,NORMAL,HDTG,AGUA,2011-01-08,OPERACION,2022-07-30
Sistema,SUV1,SUEVA 2,HIDRAULICA,NO DESPACHADO CENTRALMENTE,NORMAL,CMXG,AGUA,2002-05-24,OPERACION,2022-07-30
Sistema,TAWD,FUTURA - TUMAWIND,EOLICA,DESPACHADO CENTRALMENTE,NORMAL,EGPG,VIENTO,2021-12-31,PRUEBAS,2022-07-30
Sistema,TBQ3,BARRANQUILLA 3,TERMICA,DESPACHADO CENTRALMENTE,NORMAL,TBSG,GAS,1980-01-01,OPERACION,2022-07-30
Sistema,TBQ4,BARRANQUILLA 4,TERMICA,DESPACHADO CENTRALMENTE,NORMAL,TBSG,GAS,1980-01-01,OPERACION,2022-07-30
Sistema,TBST,TEBSAB CC,TERMICA,DESPACHADO CENTRALMENTE,CICLO COMBINADO,TBSG,GAS,1989-10-21,OPERACION,2022-07-30
Sistema,TCD1,TERMOCANDELARIA 1,TERMICA,DESPACHADO CENTRALMENTE,NORMAL,TCIG,GAS,2000-05-18,OPERACION,2022-07-30
Sistema,TCD2,TERMOCANDELARIA 2,TERMICA,DESPACHADO CENTRALMENTE,NORMAL,TCIG,GAS,2000-07-13,OPERACION,2022-07-30
Sistema,TDR1,TERMODORADA 1,TERMICA,DESPACHADO CENTRALMENTE,NORMAL,EPMG,JET-A1,1997-08-11,OPERACION,2022-07-30
Sistema,TEC1,TERMOEMCALI CC,TERMICA,DESPACHADO CENTRALMENTE,CICLO COMBINADO,TEMG,ACPM,1999-07-16,OPERACION,2022-07-30
Sistema,TFL1,FLORES I CC,TERMICA,DESPACHADO CENTRALMENTE,CICLO COMBINADO,TMFG,GAS,1993-11-01,OPERACION,2022-07-30
Sistema,TFL4,FLORES 4 CC,TERMICA,DESPACHADO CENTRALMENTE,CICLO COMBINADO,TMFG,GAS,2010-12-01,OPERACION,2022-07-30
Sistema,TGJ1,GUAJIRA 1,TERMICA,DESPACHADO CENTRALMENTE,NORMAL,GECG,CARBON,1983-08-08,OPERACION,2022-07-30
Sistema,TGJ2,GUAJIRA 2,TERMICA,DESPACHADO CENTRALMENTE,NORMAL,GECG,CARBON,1987-11-23,OPERACION,2022-07-30
Sistema,TMB1,TERMOBOLIVAR 1,TERMICA,NO DESPACHADO CENTRALMENTE,NORMAL,GSAG,GAS,2016-03-04,OPERACION,2022-07-30
Sistema,TMS1,RIOFRIO (TAMESIS),HIDRAULICA,NO DESPACHADO CENTRALMENTE,GEN. DISTRIBUIDA,EPMG,AGUA,1951-01-01,OPERACION,2022-07-30
Sistema,TPD1,TERMOPIEDRAS,TERMICA,NO DESPACHADO CENTRALMENTE,NORMAL,TRPG,GAS,1999-12-30,OPERACION,2022-07-30
Sistema,TR2G,TRINA-VATIA BSLII,SOLAR,NO DESPACHADO CENTRALMENTE,NORMAL,GNCG,RAD SOLAR,2021-01-22,OPERACION,2022-07-30
Sistema,TR3G,TRINA-VATIA BSLIII,SOLAR,NO DESPACHADO CENTRALMENTE,NORMAL,GNCG,RAD SOLAR,2020-11-30,OPERACION,2022-07-30
Sistema,TRM1,TERMOCENTRO CC,TERMICA,DESPACHADO CENTRALMENTE,CICLO COMBINADO,ISGG,GAS,2000-11-30,OPERACION,2022-07-30
Sistema,TRN1,TERMONORTE,TERMICA,DESPACHADO CENTRALMENTE,NORMAL,TMNG,COMBUSTOLEO,2018-12-01,OPERACION,2022-07-30
Sistema,TSJ1,TASAJERO 1,TERMICA,DESPACHADO CENTRALMENTE,NORMAL,TRMG,CARBON,1985-02-20,OPERACION,2022-07-30
Sistema,TSJ2,TASAJERO 2,TERMICA,DESPACHADO CENTRALMENTE,NORMAL,TERG,CARBON,2015-11-30,OPERACION,2022-07-30
Sistema,TSR1,TERMOSIERRA CC,TERMICA,DESPACHADO CENTRALMENTE,CICLO COMBINADO,EPMG,ACPM,1998-02-07,OPERACION,2022-07-30
Sistema,TUJ1,TUNJITA,HIDRAULICA,NO DESPACHADO CENTRALMENTE,NORMAL,CHVG,AGUA,2016-06-30,OPERACION,2022-07-30
Sistema,TVL1,TERMOVALLE CC,TERMICA,DESPACHADO CENTRALMENTE,CICLO COMBINADO,TMVG,ACPM,2011-12-17,OPERACION,2022-07-30
Sistema,TYP1,TERMOYOPAL 1,TERMICA,DESPACHADO CENTRALMENTE,NORMAL,TYPG,GAS,2005-03-11,OPERACION,2022-07-30
Sistema,TYP2,TERMOYOPAL 2,TERMICA,DESPACHADO CENTRALMENTE,NORMAL,TYPG,GAS,2004-07-29,OPERACION,2022-07-30
Sistema,TYP3,TERMOYOPAL G3,TERMICA,DESPACHADO CENTRALMENTE,NORMAL,TYPG,GAS,2020-08-31,OPERACION,2022-07-30
Sistema,TYP4,TERMOYOPAL G4,TERMICA,DESPACHADO CENTRALMENTE,NORMAL,TYPG,GAS,2020-08-31,OPERACION,2022-07-30
Sistema,TYP5,TERMOYOPAL G5,TERMICA,DESPACHADO CENTRALMENTE,NORMAL,TYPG,GAS,2022-01-01,OPERACION,2022-07-30
Sistema,UNN1,UNION,HIDRAULICA,NO DESPACHADO CENTRALMENTE,GEN. DISTRIBUIDA,DLRG,AGUA,1935-01-01,OPERACION,2022-07-30
Sistema,URA1,URRA,HIDRAULICA,DESPACHADO CENTRALMENTE,NORMAL,EMUG,AGUA,2000-02-14,OPERACION,2022-07-30
Sistema,USQ1,USAQUEN,HIDRAULICA,NO DESPACHADO CENTRALMENTE,NORMAL,ENDG,AGUA,2013-04-15,OPERACION,2022-07-30
Sistema,VLT1,LA VUELTA,HIDRAULICA,NO DESPACHADO CENTRALMENTE,NORMAL,EPMG,AGUA,2004-11-22,OPERACION,2022-07-30
Sistema,VNTA,VENTANA A,HIDRAULICA,NO DESPACHADO CENTRALMENTE,NORMAL,HDTG,AGUA,1957-11-01,OPERACION,2022-07-30
Sistema,VNTB,VENTANA B,HIDRAULICA,NO DESPACHADO CENTRALMENTE,NORMAL,HDTG,AGUA,1957-11-01,OPERACION,2022-07-30
Sistema,WDPI,FUTURA - WINDPESHI,EOLICA,DESPACHADO CENTRALMENTE,NORMAL,EGPG,VIENTO,2021-12-31,PRUEBAS,2022-07-30
Sistema,ZPA2,ZIPAEMG 2,TERMICA,DESPACHADO CENTRALMENTE,NORMAL,ENDG,CARBON,1964-01-01,OPERACION,2022-07-30
Sistema,ZPA3,ZIPAEMG 3,TERMICA,DESPACHADO CENTRALMENTE,NORMAL,ENDG,CARBON,1976-01-01,OPERACION,2022-07-30
Sistema,ZPA4,ZIPAEMG 4,TERMICA,DESPACHADO CENTRALMENTE,NORMAL,ENDG,CARBON,1981-04-01,OPERACION,2022-07-30
Sistema,ZPA5,ZIPAEMG 5,TERMICA,DESPACHADO CENTRALMENTE,NORMAL,ENDG,CARBON,1985-12-14,OPERACION,2022-07-30
